Date;Hour;Forecasted Day-ahead Total Load;Actual Total Load
20180701;1;15100;14715,150
20180701;2;14400;13941,425
20180701;3;14000;13484,475
20180701;4;13700;13191,238
20180701;5;13000;12618,850
20180701;6;13000;12457,413
20180701;7;13800;13018,925
20180701;8;14700;13821,075
20180701;9;15700;14678,675
20180701;10;16500;15767,338
20180701;11;16900;16423,588
20180701;12;17000;16759,888
20180701;13;17000;16737,313
20180701;14;16900;16665,925
20180701;15;16600;16282,800
20180701;16;16300;16077,863
20180701;17;16200;15877,963
20180701;18;16200;16017,650
20180701;19;16300;16094,688
20180701;20;16700;16528,663
20180701;21;16900;16455,888
20180701;22;17300;16689,150
20180701;23;17000;16413,838
20180701;24;15800;15334,588
20180702;1;14400;14429,163
20180702;2;13900;13859,263
20180702;3;13800;13614,263
20180702;4;13800;13500,400
20180702;5;13600;13300,625
20180702;6;15100;13929,288
20180702;7;18300;16618,550
20180702;8;19900;18845,238
20180702;9;20900;20086,838
20180702;10;21100;20679,313
20180702;11;21500;20829,675
20180702;12;21600;21156,913
20180702;13;21800;21275,975
20180702;14;21900;21312,025
20180702;15;21500;20817,713
20180702;16;21200;20679,350
20180702;17;20900;20429,238
20180702;18;20600;20139,713
20180702;19;20400;20066,238
20180702;20;20400;20164,500
20180702;21;20400;20164,588
20180702;22;20300;19851,350
20180702;23;19300;18930,625
20180702;24;17900;17593,063
20180703;1;16800;16403,913
20180703;2;16300;15718,713
20180703;3;15900;15372,963
20180703;4;15800;15289,563
20180703;5;15400;14878,250
20180703;6;16400;15350,800
20180703;7;19300;17646,813
20180703;8;20700;19585,125
20180703;9;21500;20642,200
20180703;10;21600;21221,713
20180703;11;22000;21184,150
20180703;12;22200;21525,238
20180703;13;22300;21726,138
20180703;14;22400;21681,338
20180703;15;22100;21349,763
20180703;16;21800;21226,488
20180703;17;21400;20981,113
20180703;18;21100;20603,975
20180703;19;21000;20229,188
20180703;20;21000;20536,563
20180703;21;21000;20523,013
20180703;22;20800;20407,175
20180703;23;19700;19474,263
20180703;24;18300;18161,375
20180704;1;17200;16807,950
20180704;2;16600;16092,025
20180704;3;16200;15780,025
20180704;4;16000;15631,300
20180704;5;15800;15184,325
20180704;6;16700;15523,813
20180704;7;19600;17749,988
20180704;8;21100;19844,188
20180704;9;22000;21059,475
20180704;10;22300;21521,025
20180704;11;22600;21608,738
20180704;12;22900;22000,400
20180704;13;23000;22210,313
20180704;14;23100;22192,600
20180704;15;22700;21876,075
20180704;16;22400;21791,350
20180704;17;22000;21517,338
20180704;18;21600;21195,688
20180704;19;21300;20933,588
20180704;20;21300;21044,488
20180704;21;21300;20725,950
20180704;22;21300;20643,925
20180704;23;20200;19783,550
20180704;24;18600;18193,500
20180705;1;17200;16987,650
20180705;2;16600;16312,088
20180705;3;16000;15888,663
20180705;4;15800;15801,875
20180705;5;15600;15356,313
20180705;6;16500;15670,350
20180705;7;19600;17927,550
20180705;8;21100;20106,338
20180705;9;22000;21414,813
20180705;10;22300;21899,125
20180705;11;22600;22130,363
20180705;12;22900;22544,988
20180705;13;23000;22637,150
20180705;14;23100;22670,850
20180705;15;22700;22310,438
20180705;16;22400;22142,575
20180705;17;22000;21915,538
20180705;18;21600;21573,638
20180705;19;21300;21157,300
20180705;20;21300;21197,838
20180705;21;21300;21058,150
20180705;22;21300;20909,000
20180705;23;20200;19932,813
20180705;24;18600;18550,200
20180706;1;17000;17239,550
20180706;2;16100;16435,125
20180706;3;15700;15989,100
20180706;4;15700;15961,638
20180706;5;15300;15577,625
20180706;6;16300;15906,238
20180706;7;19200;18256,100
20180706;8;20900;20174,825
20180706;9;21700;21335,263
20180706;10;22000;21791,088
20180706;11;22300;21880,250
20180706;12;22500;22324,888
20180706;13;22600;22432,588
20180706;14;22600;22476,650
20180706;15;22400;22043,200
20180706;16;22000;21918,275
20180706;17;21600;21595,350
20180706;18;21200;21298,763
20180706;19;20900;20772,275
20180706;20;20900;20848,550
20180706;21;20800;20653,288
20180706;22;20600;20366,075
20180706;23;19700;19571,125
20180706;24;18100;18037,500
20180707;1;16900;16809,888
20180707;2;16300;15983,763
20180707;3;15900;15547,338
20180707;4;15500;15407,588
20180707;5;15000;14820,113
20180707;6;15100;14623,513
20180707;7;16900;15776,888
20180707;8;18300;17304,038
20180707;9;19600;18460,800
20180707;10;20200;19285,250
20180707;11;20300;19631,863
20180707;12;20400;19867,775
20180707;13;20200;19670,263
20180707;14;19900;19338,050
20180707;15;19000;18772,813
20180707;16;18700;18553,575
20180707;17;18400;18336,088
20180707;18;18200;18229,713
20180707;19;18000;17984,038
20180707;20;17900;17931,225
20180707;21;17900;17922,563
20180707;22;18000;17971,750
20180707;23;17500;17424,100
20180707;24;16200;16314,738
20180708;1;14900;15068,750
20180708;2;14200;14306,750
20180708;3;13800;13970,125
20180708;4;13500;13732,575
20180708;5;12900;13109,200
20180708;6;12800;12836,150
20180708;7;13700;13155,463
20180708;8;14600;14079,738
20180708;9;15700;15024,825
20180708;10;16600;15975,550
20180708;11;17100;16453,650
20180708;12;17200;16638,550
20180708;13;17200;16650,738
20180708;14;17100;16721,338
20180708;15;16700;16352,050
20180708;16;16500;16043,075
20180708;17;16200;15877,925
20180708;18;16400;15863,238
20180708;19;16600;16070,913
20180708;20;16900;16421,888
20180708;21;16900;16487,663
20180708;22;17300;17049,263
20180708;23;16900;16874,288
20180708;24;15800;15754,638
20180709;1;14900;14734,113
20180709;2;14300;14229,263
20180709;3;14000;13945,075
20180709;4;14100;13924,550
20180709;5;14000;13680,950
20180709;6;15400;14302,875
20180709;7;18700;17125,038
20180709;8;20600;19495,363
20180709;9;21500;20834,250
20180709;10;21700;21612,850
20180709;11;22100;21812,350
20180709;12;22300;22290,963
20180709;13;22500;22509,125
20180709;14;22600;22442,150
20180709;15;22200;22037,600
20180709;16;22000;21829,513
20180709;17;21700;21474,375
20180709;18;21400;21066,988
20180709;19;21100;20912,950
20180709;20;21100;20918,475
20180709;21;21100;20884,763
20180709;22;21100;20690,113
20180709;23;19800;19787,888
20180709;24;18200;18271,575
20180710;1;16700;17059,250
20180710;2;16000;16320,075
20180710;3;15700;15861,463
20180710;4;15600;15806,275
20180710;5;15200;15476,875
20180710;6;16300;15811,325
20180710;7;19100;18048,575
20180710;8;20700;20168,525
20180710;9;21600;21370,550
20180710;10;21800;21927,425
20180710;11;22100;22072,975
20180710;12;22300;22450,325
20180710;13;22400;22676,275
20180710;14;22400;22578,938
20180710;15;22200;22148,925
20180710;16;22000;21873,288
20180710;17;21600;21612,025
20180710;18;21200;21258,613
20180710;19;21000;21058,588
20180710;20;21000;21234,963
20180710;21;20800;21077,563
20180710;22;20900;20616,325
20180710;23;19800;19618,500
20180710;24;18300;18121,550
20180711;1;16900;16981,700
20180711;2;16200;16308,550
20180711;3;15900;15895,388
20180711;4;15700;15875,675
20180711;5;15300;15594,338
20180711;6;16400;15925,375
20180711;7;19200;18146,963
20180711;8;20700;20245,800
20180711;9;21600;21381,175
20180711;10;22000;21913,763
20180711;11;22400;21970,625
20180711;12;22600;22405,325
20180711;13;22700;22610,600
20180711;14;22700;22678,638
20180711;15;22500;22215,488
20180711;16;22200;22062,150
20180711;17;21900;21739,688
20180711;18;21500;21404,663
20180711;19;21200;21101,338
20180711;20;21100;21303,725
20180711;21;20800;21165,450
20180711;22;20800;20768,975
20180711;23;19800;19638,063
20180711;24;18300;18265,338
20180712;1;16900;17059,788
20180712;2;16300;16350,575
20180712;3;15900;15925,400
20180712;4;15800;15984,050
20180712;5;15400;15703,800
20180712;6;16500;15946,838
20180712;7;19400;18049,275
20180712;8;20900;20062,438
20180712;9;21800;21113,438
20180712;10;22000;21561,825
20180712;11;22400;21670,788
20180712;12;22600;22075,788
20180712;13;22700;22271,250
20180712;14;22700;22257,988
20180712;15;22400;21813,288
20180712;16;22100;21679,675
20180712;17;21800;21255,588
20180712;18;21400;20910,150
20180712;19;21100;20622,813
20180712;20;21100;20848,500
20180712;21;21100;20763,938
20180712;22;20800;20606,225
20180712;23;19900;19457,763
20180712;24;18400;18090,963
20180713;1;17100;16882,238
20180713;2;16400;16243,825
20180713;3;16000;15849,800
20180713;4;15900;15716,638
20180713;5;15600;15576,975
20180713;6;16600;15751,713
20180713;7;19400;17923,938
20180713;8;20900;19892,013
20180713;9;21800;21025,275
20180713;10;22000;21642,125
20180713;11;22400;21746,875
20180713;12;22500;22065,288
20180713;13;22700;22198,150
20180713;14;22900;22169,050
20180713;15;22400;21693,625
20180713;16;22000;21460,975
20180713;17;21700;21184,625
20180713;18;21400;20842,288
20180713;19;21100;20578,788
20180713;20;21100;20576,575
20180713;21;20900;20474,150
20180713;22;20600;20264,638
20180713;23;19700;19215,250
20180713;24;18200;17936,338
20180714;1;16700;16704,563
20180714;2;15900;15976,238
20180714;3;15400;15549,900
20180714;4;15300;15488,838
20180714;5;14600;15016,388
20180714;6;14700;14743,388
20180714;7;16300;15718,163
20180714;8;17800;17128,475
20180714;9;18800;18335,138
20180714;10;19300;19227,275
20180714;11;19600;19652,463
20180714;12;19700;19781,550
20180714;13;19600;19683,175
20180714;14;19300;19319,450
20180714;15;18700;18644,888
20180714;16;18400;18427,513
20180714;17;18300;18325,375
20180714;18;18200;18142,450
20180714;19;17900;17908,000
20180714;20;17800;17875,238
20180714;21;17900;17814,200
20180714;22;17900;17953,575
20180714;23;17300;17275,588
20180714;24;16100;16133,650
20180715;1;14900;14864,200
20180715;2;14200;14188,613
20180715;3;13800;13865,363
20180715;4;13400;13613,225
20180715;5;12950;12979,900
20180715;6;12750;12730,675
20180715;7;13700;13139,063
20180715;8;14600;13859,213
20180715;9;15600;14897,288
20180715;10;16500;15748,438
20180715;11;16800;16278,100
20180715;12;16850;16457,213
20180715;13;16900;16534,838
20180715;14;16800;16502,075
20180715;15;16400;16182,988
20180715;16;16100;15884,025
20180715;17;16050;15888,263
20180715;18;16100;16011,400
20180715;19;16350;16070,225
20180715;20;16650;16240,650
20180715;21;16800;16451,163
20180715;22;17150;16899,438
20180715;23;16750;16677,763
20180715;24;15550;15589,638
20180716;1;14600;14630,600
20180716;2;14000;14093,075
20180716;3;13850;13861,788
20180716;4;13750;13924,288
20180716;5;13600;13671,263
20180716;6;15100;14266,013
20180716;7;18350;16948,125
20180716;8;20150;19159,688
20180716;9;21150;20564,738
20180716;10;21600;21077,113
20180716;11;22100;21080,775
20180716;12;22250;21552,063
20180716;13;22400;21735,025
20180716;14;22350;21678,338
20180716;15;22050;21222,150
20180716;16;21750;21066,375
20180716;17;21350;20769,288
20180716;18;20950;20491,413
20180716;19;20950;20356,363
20180716;20;20950;20517,375
20180716;21;21100;20649,688
20180716;22;21050;20387,638
20180716;23;19600;19219,700
20180716;24;18000;17834,238
20180717;1;16950;16792,888
20180717;2;16350;16016,163
20180717;3;15950;15644,675
20180717;4;15900;15655,238
20180717;5;15500;15494,713
20180717;6;16500;15721,650
20180717;7;19300;17906,950
20180717;8;20900;19847,138
20180717;9;21800;21016,825
20180717;10;21950;21623,025
20180717;11;22450;21761,875
20180717;12;22550;22094,200
20180717;13;22750;22358,550
20180717;14;22750;22389,650
20180717;15;22350;21861,700
20180717;16;22050;21727,050
20180717;17;21750;21300,188
20180717;18;21450;21016,325
20180717;19;21250;20831,250
20180717;20;21250;20948,750
20180717;21;21250;20887,863
20180717;22;20950;20550,563
20180717;23;19800;19122,488
20180717;24;18200;17925,813
20180718;1;16800;16700,450
20180718;2;16200;16031,000
20180718;3;15800;15659,763
20180718;4;15700;15612,550
20180718;5;15400;15467,425
20180718;6;16200;15734,963
20180718;7;19000;17800,075
20180718;8;20600;19929,150
20180718;9;21400;21132,025
20180718;10;21700;21775,863
20180718;11;22100;22068,913
20180718;12;22300;22447,213
20180718;13;22400;22601,863
20180718;14;22600;22633,613
20180718;15;22100;22221,050
20180718;16;21800;21890,038
20180718;17;21400;21531,750
20180718;18;21100;21072,625
20180718;19;20800;20815,438
20180718;20;20900;21063,488
20180718;21;20900;20990,963
20180718;22;20800;20693,488
20180718;23;19600;19343,900
20180718;24;18100;17988,838
20180719;1;16800;16793,238
20180719;2;16200;16147,025
20180719;3;15800;15759,488
20180719;4;15800;15750,663
20180719;5;15550;15588,438
20180719;6;16400;15754,225
20180719;7;19250;18042,413
20180719;8;20850;19961,225
20180719;9;21700;21098,975
20180719;10;22000;21677,063
20180719;11;22300;21615,725
20180719;12;22500;22001,113
20180719;13;22700;22205,900
20180719;14;22700;22214,288
20180719;15;22150;21866,013
20180719;16;21850;21602,075
20180719;17;21600;21286,913
20180719;18;21300;20941,763
20180719;19;21100;20727,150
20180719;20;21150;20787,763
20180719;21;21150;20803,275
20180719;22;21000;20496,338
20180719;23;19850;19351,600
20180719;24;18300;17952,388
20180720;1;16900;16723,888
20180720;2;16300;16108,200
20180720;3;15800;15741,600
20180720;4;15800;15727,075
20180720;5;15600;15529,825
20180720;6;16500;15532,488
20180720;7;19200;17781,113
20180720;8;20800;19830,600
20180720;9;21700;21169,113
20180720;10;21900;21691,438
20180720;11;22300;21793,538
20180720;12;22500;22150,600
20180720;13;22700;22321,175
20180720;14;22700;22344,463
20180720;15;22400;21904,300
20180720;16;22100;21778,113
20180720;17;21800;21435,838
20180720;18;21400;21027,988
20180720;19;21000;20784,338
20180720;20;21100;20744,763
20180720;21;21000;20546,025
20180720;22;20800;20495,688
20180720;23;19700;19376,038
20180720;24;18200;17965,188
20180721;1;16950;16792,950
20180721;2;16100;15995,325
20180721;3;15600;15515,513
20180721;4;15600;15329,600
20180721;5;15100;14898,675
20180721;6;14900;14549,838
20180721;7;16500;15701,150
20180721;8;17900;17334,313
20180721;9;19050;18691,388
20180721;10;19750;19543,925
20180721;11;20100;19755,700
20180721;12;20100;19963,850
20180721;13;20100;19671,425
20180721;14;19800;19334,975
20180721;15;19200;18691,600
20180721;16;18800;18408,675
20180721;17;18500;18201,713
20180721;18;18400;18056,450
20180721;19;18100;17897,113
20180721;20;18000;17774,400
20180721;21;18150;17745,788
20180721;22;18200;18018,250
20180721;23;17600;17247,438
20180721;24;16300;16056,500
20180722;1;14900;14921,113
20180722;2;14200;14267,475
20180722;3;13900;13814,988
20180722;4;13700;13586,763
20180722;5;13100;13126,350
20180722;6;12900;12705,500
20180722;7;13700;13152,025
20180722;8;14500;14136,338
20180722;9;15600;15134,325
20180722;10;16600;16152,550
20180722;11;17000;16642,713
20180722;12;17100;16792,063
20180722;13;17100;16817,325
20180722;14;17100;16690,263
20180722;15;16700;16431,350
20180722;16;16300;16173,363
20180722;17;16200;15935,000
20180722;18;16200;16001,813
20180722;19;16600;16216,400
20180722;20;16700;16444,888
20180722;21;16800;16650,538
20180722;22;17300;17259,500
20180722;23;16800;16690,588
20180722;24;15700;15555,413
20180723;1;14800;14688,125
20180723;2;14400;14246,638
20180723;3;14100;13932,050
20180723;4;14100;13939,950
20180723;5;13800;13814,150
20180723;6;15300;14203,488
20180723;7;18500;16691,550
20180723;8;20400;19316,738
20180723;9;21400;20778,525
20180723;10;21800;21486,600
20180723;11;22300;21569,088
20180723;12;22500;22091,275
20180723;13;22700;22257,050
20180723;14;22700;22261,850
20180723;15;22300;21814,638
20180723;16;22000;21629,450
20180723;17;21600;21277,450
20180723;18;21300;20873,463
20180723;19;21100;20643,488
20180723;20;21100;20592,300
20180723;21;21100;20732,288
20180723;22;21000;20821,213
20180723;23;19700;19498,425
20180723;24;18000;17990,363
20180724;1;17000;16791,613
20180724;2;16300;16015,763
20180724;3;16000;15661,688
20180724;4;15900;15573,925
20180724;5;15500;15310,625
20180724;6;16500;15442,950
20180724;7;19300;17659,300
20180724;8;20900;19716,713
20180724;9;21800;21002,313
20180724;10;22000;21538,938
20180724;11;22500;21734,663
20180724;12;22600;22192,175
20180724;13;22800;22397,675
20180724;14;22750;22363,438
20180724;15;22400;22087,088
20180724;16;22100;21929,213
20180724;17;21800;21564,600
20180724;18;21450;21146,813
20180724;19;21100;20787,888
20180724;20;21200;20827,425
20180724;21;21300;20790,338
20180724;22;20900;20847,088
20180724;23;19800;19524,750
20180724;24;18300;18123,325
20180725;1;16900;16894,488
20180725;2;16200;16165,000
20180725;3;15800;15692,713
20180725;4;15700;15657,625
20180725;5;15400;15482,063
20180725;6;16400;15582,375
20180725;7;19300;17764,463
20180725;8;20900;19940,913
20180725;9;21700;21233,175
20180725;10;22000;21886,188
20180725;11;22400;22029,113
20180725;12;22500;22458,475
20180725;13;22700;22598,713
20180725;14;22700;22617,038
20180725;15;22300;22221,500
20180725;16;21950;21929,363
20180725;17;21700;21457,013
20180725;18;21300;21067,150
20180725;19;21000;20824,763
20180725;20;21100;20816,475
20180725;21;21300;20919,213
20180725;22;21100;20938,938
20180725;23;19800;19702,925
20180725;24;18300;18156,975
20180726;1;16900;16932,075
20180726;2;16200;16161,363
20180726;3;15800;15771,300
20180726;4;15700;15724,100
20180726;5;15400;15589,738
20180726;6;16400;15644,413
20180726;7;19300;18004,963
20180726;8;20900;20137,363
20180726;9;21700;21534,425
20180726;10;22000;22260,888
20180726;11;22400;22370,438
20180726;12;22500;22755,663
20180726;13;22700;22830,150
20180726;14;22700;22858,275
20180726;15;22400;22497,025
20180726;16;22150;22289,113
20180726;17;21800;21862,363
20180726;18;21400;21575,313
20180726;19;21000;20974,575
20180726;20;21100;21065,963
20180726;21;21200;21076,688
20180726;22;21200;21026,925
20180726;23;19800;19720,925
20180726;24;18300;18206,650
20180727;1;16900;17097,125
20180727;2;16200;16371,950
20180727;3;15800;16028,138
20180727;4;15700;15941,813
20180727;5;15400;15778,925
20180727;6;16400;15882,063
20180727;7;19300;18091,525
20180727;8;20900;20283,950
20180727;9;21800;21775,313
20180727;10;22100;22385,663
20180727;11;22500;22518,575
20180727;12;22700;22884,100
20180727;13;22800;22980,500
20180727;14;22800;22967,263
20180727;15;22500;22458,775
20180727;16;22150;22105,363
20180727;17;21800;21767,588
20180727;18;21400;21392,825
20180727;19;21000;21045,288
20180727;20;21100;20929,525
20180727;21;21200;20975,313
20180727;22;21200;20786,613
20180727;23;19800;19595,225
20180727;24;18300;18202,550
20180728;1;17200;17009,263
20180728;2;16300;16181,413
20180728;3;15700;15674,700
20180728;4;15600;15546,613
20180728;5;15000;15259,563
20180728;6;15100;14899,625
20180728;7;16800;16049,025
20180728;8;18400;17583,738
20180728;9;19500;18976,888
20180728;10;19900;19949,438
20180728;11;20300;20334,550
20180728;12;20300;20502,450
20180728;13;20100;20356,713
20180728;14;19800;20012,913
20180728;15;19200;19379,675
20180728;16;18900;19057,550
20180728;17;18700;18763,538
20180728;18;18500;18555,075
20180728;19;18300;18480,038
20180728;20;18200;18479,725
20180728;21;18200;18419,675
20180728;22;18300;18729,650
20180728;23;17800;17798,025
20180728;24;16500;16519,325
20180729;1;15200;15366,113
20180729;2;14400;14658,500
20180729;3;14000;14217,113
20180729;4;13800;14112,275
20180729;5;13200;13653,000
20180729;6;13000;13130,813
20180729;7;14000;13803,038
20180729;8;14900;14748,213
20180729;9;15900;15966,750
20180729;10;16700;16948,800
20180729;11;17200;17644,538
20180729;12;17200;17869,638
20180729;13;17200;17842,713
20180729;14;17100;17720,725
20180729;15;16800;17380,325
20180729;16;16400;17059,025
20180729;17;16300;16814,038
20180729;18;16300;16785,100
20180729;19;16700;16986,563
20180729;20;16900;17100,925
20180729;21;17400;17196,263
20180729;22;17600;17609,400
20180729;23;17100;17050,650
20180729;24;15800;15830,250
20180730;1;15050;14912,975
20180730;2;14600;14407,263
20180730;3;14300;14171,325
20180730;4;14300;14124,825
20180730;5;14000;14047,125
20180730;6;15700;14357,100
20180730;7;18850;17049,375
20180730;8;20750;19502,000
20180730;9;21800;21059,675
20180730;10;22200;21958,575
20180730;11;22650;22146,925
20180730;12;22800;22532,713
20180730;13;23100;22729,075
20180730;14;23200;22871,025
20180730;15;22750;22466,713
20180730;16;22300;22186,938
20180730;17;22000;21694,675
20180730;18;21700;21291,488
20180730;19;21400;21027,850
20180730;20;21400;21062,563
20180730;21;21600;21167,650
20180730;22;21450;21135,438
20180730;23;20150;19747,000
20180730;24;18550;18318,713
20180731;1;17300;17034,263
20180731;2;16500;16373,450
20180731;3;16200;15902,438
20180731;4;16200;15823,725
20180731;5;15900;15732,338
20180731;6;16700;15876,938
20180731;7;19650;18198,738
20180731;8;21350;20381,600
20180731;9;22400;21938,575
20180731;10;22750;22695,550
20180731;11;23150;22855,638
20180731;12;23300;23240,950
20180731;13;23500;23289,400
20180731;14;23550;23239,125
20180731;15;23100;22845,563
20180731;16;22650;22407,488
20180731;17;22200;22070,588
20180731;18;21800;21610,163
20180731;19;21450;21237,838
20180731;20;21550;21260,050
20180731;21;21750;21466,013
20180731;22;21600;21452,763
20180731;23;20200;19912,963
20180731;24;18700;18404,600
20180801;1;17400;17214,100
20180801;2;16600;16615,075
20180801;3;16200;16226,725
20180801;4;16200;16063,850
20180801;5;15900;15980,213
20180801;6;16850;15881,175
20180801;7;19700;18035,863
20180801;8;21550;20215,200
20180801;9;22550;21724,925
20180801;10;22850;22401,688
20180801;11;23250;22614,550
20180801;12;23400;23076,525
20180801;13;23600;23215,275
20180801;14;23650;23209,838
20180801;15;23200;22683,250
20180801;16;22750;22473,488
20180801;17;22300;22141,475
20180801;18;21950;21646,088
20180801;19;21500;21371,750
20180801;20;21600;21278,475
20180801;21;21850;21408,888
20180801;22;21700;21457,663
20180801;23;20200;20022,563
20180801;24;18500;18608,388
20180802;1;17350;17333,300
20180802;2;16550;16600,850
20180802;3;16250;16255,750
20180802;4;16150;16198,900
20180802;5;15900;16164,550
20180802;6;16850;16264,200
20180802;7;19700;18492,275
20180802;8;21500;20571,950
20180802;9;22550;22048,075
20180802;10;22850;22793,900
20180802;11;23200;22978,988
20180802;12;23300;23442,563
20180802;13;23450;23538,600
20180802;14;23550;23324,513
20180802;15;22950;22970,025
20180802;16;22500;22727,700
20180802;17;22200;22263,775
20180802;18;21800;21790,025
20180802;19;21200;21471,225
20180802;20;21300;21483,063
20180802;21;21850;21534,900
20180802;22;21600;21534,525
20180802;23;20200;20192,900
20180802;24;18700;18647,788
20180803;1;17200;17316,500
20180803;2;16600;16743,963
20180803;3;16150;16225,275
20180803;4;16100;16133,938
20180803;5;15900;16194,625
20180803;6;16650;16218,700
20180803;7;19500;18291,000
20180803;8;21300;20509,238
20180803;9;22400;21953,450
20180803;10;22650;22710,288
20180803;11;23050;22881,625
20180803;12;23250;23259,125
20180803;13;23350;23269,900
20180803;14;23350;23232,988
20180803;15;22900;22690,213
20180803;16;22450;22385,050
20180803;17;22000;21915,088
20180803;18;21600;21457,175
20180803;19;21200;21085,763
20180803;20;21000;21100,638
20180803;21;21400;21183,150
20180803;22;21200;21108,538
20180803;23;20000;19709,738
20180803;24;18500;18305,238
20180804;1;17100;16950,988
20180804;2;16200;16326,050
20180804;3;15800;15900,100
20180804;4;15700;15714,150
20180804;5;15200;15466,388
20180804;6;15200;15010,588
20180804;7;16900;15967,663
20180804;8;18500;17304,325
20180804;9;19600;18696,863
20180804;10;20200;19682,625
20180804;11;20600;20132,100
20180804;12;20600;20305,225
20180804;13;20400;20162,813
20180804;14;20100;19838,025
20180804;15;19500;19319,225
20180804;16;19200;19076,625
20180804;17;19000;18809,563
20180804;18;18800;18634,750
20180804;19;18600;18536,588
20180804;20;18500;18439,938
20180804;21;19200;18547,600
20180804;22;18900;18612,000
20180804;23;17800;17550,763
20180804;24;16500;16351,038
20180805;1;15300;15270,013
20180805;2;14700;14580,988
20180805;3;14300;14242,588
20180805;4;14100;14092,875
20180805;5;13700;13809,338
20180805;6;13300;13212,325
20180805;7;14300;13576,000
20180805;8;15300;14469,113
20180805;9;16400;15460,400
20180805;10;17300;16527,150
20180805;11;17800;17216,688
20180805;12;17900;17279,600
20180805;13;17800;17393,625
20180805;14;17800;17354,450
20180805;15;17400;17077,538
20180805;16;17000;16730,138
20180805;17;16700;16534,438
20180805;18;16750;16722,288
20180805;19;17000;16787,413
20180805;20;17250;16904,400
20180805;21;17750;17266,500
20180805;22;17950;17736,913
20180805;23;17100;16792,475
20180805;24;15900;15699,488
20180806;1;14850;14675,725
20180806;2;14300;14231,113
20180806;3;14000;13980,113
20180806;4;14000;13908,700
20180806;5;13850;13946,325
20180806;6;15350;14165,638
20180806;7;18700;16775,988
20180806;8;20600;19004,525
20180806;9;21700;20409,700
20180806;10;22050;21044,788
20180806;11;22550;21172,163
20180806;12;22750;21631,350
20180806;13;22900;21664,563
20180806;14;22900;21728,138
20180806;15;22400;21473,125
20180806;16;21950;21241,338
20180806;17;21650;20864,900
20180806;18;21250;20601,625
20180806;19;20900;20304,125
20180806;20;21050;20412,163
20180806;21;21750;20678,988
20180806;22;21400;20676,838
20180806;23;19900;18998,175
20180806;24;18200;17542,638
20180807;1;17100;16396,775
20180807;2;16450;15814,350
20180807;3;16050;15493,488
20180807;4;15950;15399,800
20180807;5;15900;15428,200
20180807;6;16500;15452,888
20180807;7;19200;17532,625
20180807;8;21100;19619,475
20180807;9;22100;21128,050
20180807;10;22500;21853,238
20180807;11;23000;22047,775
20180807;12;23100;22380,350
20180807;13;23250;22560,963
20180807;14;23250;22621,625
20180807;15;22800;22086,150
20180807;16;22450;21797,100
20180807;17;21950;21436,538
20180807;18;21600;21154,025
20180807;19;21300;20975,250
20180807;20;21300;20836,525
20180807;21;22100;21060,338
20180807;22;21650;20977,913
20180807;23;20000;19428,438
20180807;24;18400;17975,388
20180808;1;17100;16772,013
20180808;2;16500;16139,263
20180808;3;16100;15750,425
20180808;4;16000;15772,425
20180808;5;15950;15757,325
20180808;6;16550;15700,588
20180808;7;19300;17827,150
20180808;8;21200;20097,313
20180808;9;22250;21333,750
20180808;10;22650;22044,013
20180808;11;23150;22318,100
20180808;12;23300;22772,563
20180808;13;23400;22905,513
20180808;14;23400;22839,125
20180808;15;22850;22518,813
20180808;16;22500;22373,088
20180808;17;22000;21886,963
20180808;18;21650;21502,075
20180808;19;21350;21234,825
20180808;20;21350;21292,113
20180808;21;22150;21510,325
20180808;22;21700;21344,763
20180808;23;20050;19714,125
20180808;24;18450;18324,725
20180809;1;17150;17104,500
20180809;2;16450;16438,300
20180809;3;16050;16097,288
20180809;4;15950;16047,813
20180809;5;15950;16143,288
20180809;6;16700;16028,263
20180809;7;19550;18065,475
20180809;8;21350;20378,575
20180809;9;22450;21783,288
20180809;10;22750;22439,638
20180809;11;23250;22648,138
20180809;12;23450;23112,375
20180809;13;23600;23430,138
20180809;14;23550;23381,450
20180809;15;23050;22954,563
20180809;16;22650;22746,700
20180809;17;22200;22149,488
20180809;18;21700;21773,500
20180809;19;21400;21356,938
20180809;20;21400;21481,863
20180809;21;22300;21881,988
20180809;22;21700;21466,038
20180809;23;20200;19818,713
20180809;24;18600;18527,925
20180810;1;17100;17416,613
20180810;2;16450;16663,213
20180810;3;16050;16482,250
20180810;4;15950;16429,913
20180810;5;16000;16468,913
20180810;6;16600;16443,825
20180810;7;19350;18394,475
20180810;8;21250;20417,138
20180810;9;22350;21743,375
20180810;10;22650;22402,525
20180810;11;23050;22471,213
20180810;12;23250;22871,600
20180810;13;23350;22966,300
20180810;14;23350;22831,688
20180810;15;22850;22292,950
20180810;16;22350;21979,425
20180810;17;21950;21418,875
20180810;18;21450;20960,950
20180810;19;21150;20832,150
20180810;20;20950;20860,600
20180810;21;21600;21085,225
20180810;22;21050;20559,700
20180810;23;19600;19047,200
20180810;24;18100;17806,475
20180811;1;16600;16684,613
20180811;2;15750;16077,725
20180811;3;15250;15633,538
20180811;4;15150;15497,825
20180811;5;14950;15466,688
20180811;6;14650;15003,813
20180811;7;16250;15798,538
20180811;8;17650;16945,050
20180811;9;18750;18359,013
20180811;10;19350;19288,263
20180811;11;19750;19647,338
20180811;12;19750;19788,163
20180811;13;19550;19664,838
20180811;14;19250;19270,200
20180811;15;18550;18562,025
20180811;16;18250;18281,813
20180811;17;17950;18137,075
20180811;18;17650;17768,325
20180811;19;17500;17767,713
20180811;20;17800;17683,238
20180811;21;18550;18056,763
20180811;22;18200;18017,150
20180811;23;17200;16781,538
20180811;24;15900;15616,325
20180812;1;15000;14677,750
20180812;2;14500;13964,963
20180812;3;14100;13604,813
20180812;4;13950;13405,138
20180812;5;13800;13189,413
20180812;6;13000;12725,250
20180812;7;13900;12981,550
20180812;8;14800;13871,413
20180812;9;15900;14845,375
20180812;10;16800;15624,700
20180812;11;17200;16050,425
20180812;12;17300;16248,938
20180812;13;17400;16293,538
20180812;14;17300;16124,450
20180812;15;16900;15914,713
20180812;16;16600;15615,800
20180812;17;16400;15526,938
20180812;18;16400;15627,050
20180812;19;16600;15854,888
20180812;20;16900;16122,200
20180812;21;17800;16936,450
20180812;22;17700;17105,738
20180812;23;16700;16168,038
20180812;24;15500;15240,463
20180813;1;14500;14346,275
20180813;2;14100;13875,263
20180813;3;13900;13732,925
20180813;4;13800;13772,925
20180813;5;13850;13921,150
20180813;6;15050;14180,963
20180813;7;18300;16670,788
20180813;8;20200;19020,163
20180813;9;21350;20415,488
20180813;10;21900;21123,450
20180813;11;22350;21366,613
20180813;12;22800;21932,450
20180813;13;23000;22112,863
20180813;14;23000;22177,800
20180813;15;22500;21825,063
20180813;16;22250;21595,350
20180813;17;21850;21181,775
20180813;18;21400;20801,600
20180813;19;21100;20624,538
20180813;20;21150;20616,900
20180813;21;21850;21230,625
20180813;22;21350;20645,300
20180813;23;19750;18966,788
20180813;24;18150;17696,625
20180814;1;17000;16573,050
20180814;2;16400;16035,075
20180814;3;15900;15685,825
20180814;4;15900;15590,500
20180814;5;15900;15631,725
20180814;6;16400;15657,163
20180814;7;19250;17656,775
20180814;8;20950;19773,775
20180814;9;21850;21013,200
20180814;10;22250;21587,263
20180814;11;22750;21693,238
20180814;12;22900;21989,775
20180814;13;23000;22139,938
20180814;14;23000;22109,363
20180814;15;22650;21540,000
20180814;16;22250;21336,763
20180814;17;21750;20957,363
20180814;18;21350;20630,513
20180814;19;21100;20290,275
20180814;20;21150;20304,588
20180814;21;21700;20904,788
20180814;22;21100;20335,800
20180814;23;19400;18755,088
20180814;24;17900;17398,663
20180815;1;15900;16246,425
20180815;2;15100;15493,625
20180815;3;14500;15019,325
20180815;4;14300;14842,450
20180815;5;14150;14599,538
20180815;6;13300;13783,788
20180815;7;13850;13555,650
20180815;8;14700;14331,400
20180815;9;15700;15334,113
20180815;10;16300;16229,563
20180815;11;16600;16639,675
20180815;12;16700;16792,775
20180815;13;16700;16882,063
20180815;14;16700;16847,750
20180815;15;16300;16527,500
20180815;16;15850;16128,300
20180815;17;15750;15929,513
20180815;18;15800;15832,488
20180815;19;16000;15960,338
20180815;20;16400;16232,800
20180815;21;17400;17107,563
20180815;22;17200;17275,163
20180815;23;16200;16494,800
20180815;24;15200;15486,800
20180816;1;14300;14563,038
20180816;2;13900;14070,225
20180816;3;13700;13870,463
20180816;4;13800;13920,100
20180816;5;13950;13974,188
20180816;6;14950;14208,563
20180816;7;18200;16597,975
20180816;8;20000;18771,363
20180816;9;21000;20266,388
20180816;10;21400;21055,525
20180816;11;21950;21184,363
20180816;12;22150;21584,888
20180816;13;22300;21700,175
20180816;14;22400;21799,100
20180816;15;21900;21517,513
20180816;16;21550;21258,850
20180816;17;21150;20879,825
20180816;18;20750;20515,338
20180816;19;20550;20227,388
20180816;20;20850;20344,738
20180816;21;21750;20992,675
20180816;22;20900;20370,075
20180816;23;19050;18734,450
20180816;24;17650;17415,250
20180817;1;16500;16403,888
20180817;2;15900;15636,150
20180817;3;15600;15260,575
20180817;4;15500;15208,888
20180817;5;15600;15428,263
20180817;6;16200;15473,138
20180817;7;18800;17389,938
20180817;8;20600;19454,288
20180817;9;21600;20717,713
20180817;10;22000;21399,275
20180817;11;22350;21539,513
20180817;12;22550;22015,488
20180817;13;22750;22146,075
20180817;14;22650;22172,213
20180817;15;22150;21785,613
20180817;16;21800;21684,575
20180817;17;21300;21308,288
20180817;18;20900;20956,850
20180817;19;20600;20569,988
20180817;20;20900;20510,175
20180817;21;21700;21246,000
20180817;22;21000;20584,475
20180817;23;19400;18891,663
20180817;24;17900;17623,400
20180818;1;16800;16493,875
20180818;2;16200;15852,963
20180818;3;15700;15488,725
20180818;4;15600;15331,600
20180818;5;15500;15322,213
20180818;6;14800;14977,525
20180818;7;16500;15846,513
20180818;8;17800;17156,625
20180818;9;19000;18491,550
20180818;10;19600;19506,250
20180818;11;20000;19885,463
20180818;12;20100;20102,425
20180818;13;19900;19968,863
20180818;14;19600;19667,313
20180818;15;18800;19079,663
20180818;16;18300;18853,263
20180818;17;18000;18539,425
20180818;18;17800;18249,200
20180818;19;17700;18142,038
20180818;20;18100;18166,188
20180818;21;18800;18811,975
20180818;22;18300;18453,763
20180818;23;16950;17140,850
20180818;24;15750;15958,338
20180819;1;15050;14897,088
20180819;2;14450;14211,413
20180819;3;13950;13852,425
20180819;4;13750;13702,500
20180819;5;13650;13625,725
20180819;6;13000;12997,375
20180819;7;13900;13233,363
20180819;8;14900;14100,950
20180819;9;15900;15171,375
20180819;10;16700;16067,863
20180819;11;17050;16526,388
20180819;12;17150;16823,988
20180819;13;17100;16850,863
20180819;14;17000;16746,388
20180819;15;16700;16500,313
20180819;16;16300;16257,975
20180819;17;16100;16101,875
20180819;18;16200;16218,838
20180819;19;16400;16335,538
20180819;20;16800;16739,613
20180819;21;17600;17764,650
20180819;22;17500;17681,300
20180819;23;16600;16720,500
20180819;24;15500;15777,825
20180820;1;14500;14974,750
20180820;2;14100;14389,438
20180820;3;13800;14115,225
20180820;4;13800;14140,213
20180820;5;14000;14439,325
20180820;6;15300;14770,138
20180820;7;18300;17191,238
20180820;8;20200;19596,600
20180820;9;21200;21163,275
20180820;10;21500;21858,813
20180820;11;22000;22132,500
20180820;12;22200;22655,638
20180820;13;22300;22826,025
20180820;14;22400;22864,700
20180820;15;22000;22461,888
20180820;16;21700;22207,100
20180820;17;21300;21711,425
20180820;18;20900;21243,013
20180820;19;20800;20858,225
20180820;20;21000;21119,675
20180820;21;21600;22232,350
20180820;22;21000;21292,438
20180820;23;19300;19454,663
20180820;24;17700;18045,550
20180821;1;16500;17091,138
20180821;2;16000;16414,575
20180821;3;15600;16067,163
20180821;4;15600;16123,113
20180821;5;15700;16296,350
20180821;6;16100;16329,788
20180821;7;19000;18343,063
20180821;8;20600;20333,750
20180821;9;21600;21452,763
20180821;10;21900;21975,775
20180821;11;22500;22041,663
20180821;12;22550;22383,563
20180821;13;22900;22570,513
20180821;14;22900;22466,638
20180821;15;22300;21992,513
20180821;16;22000;21822,675
20180821;17;21700;21542,675
20180821;18;21300;21150,450
20180821;19;21100;20897,113
20180821;20;21400;21158,275
20180821;21;21900;22104,063
20180821;22;21500;20994,563
20180821;23;19700;19249,163
20180821;24;18300;17878,100
20180822;1;16800;16916,975
20180822;2;16200;16198,488
20180822;3;15700;15952,525
20180822;4;15800;15908,613
20180822;5;16000;16086,513
20180822;6;16300;16125,125
20180822;7;19100;17986,225
20180822;8;20800;20120,013
20180822;9;21900;21344,175
20180822;10;22200;21856,038
20180822;11;22700;21937,550
20180822;12;22900;22360,875
20180822;13;23050;22549,888
20180822;14;23000;22530,988
20180822;15;22450;22167,850
20180822;16;22000;22067,113
20180822;17;21650;21767,713
20180822;18;21200;21430,163
20180822;19;21050;20988,075
20180822;20;21850;21147,188
20180822;21;22500;22058,163
20180822;22;21300;21190,775
20180822;23;19450;19400,050
20180822;24;18050;17997,700
20180823;1;17050;16866,813
20180823;2;16350;16241,188
20180823;3;15900;15942,725
20180823;4;16000;15962,650
20180823;5;16200;15975,088
20180823;6;16700;16159,488
20180823;7;19400;17963,738
20180823;8;21000;20244,300
20180823;9;22050;21428,638
20180823;10;22350;22153,688
20180823;11;22850;22345,150
20180823;12;23050;22776,450
20180823;13;23250;23004,500
20180823;14;23250;22983,200
20180823;15;22750;22734,763
20180823;16;22450;22641,225
20180823;17;22050;22207,700
20180823;18;21600;21935,850
20180823;19;21350;21608,938
20180823;20;22000;21807,213
20180823;21;22550;22657,600
20180823;22;21300;21522,500
20180823;23;19600;19653,763
20180823;24;18200;18239,838
20180824;1;17150;17232,463
20180824;2;16450;16526,238
20180824;3;16000;16202,463
20180824;4;16100;16379,438
20180824;5;16300;16478,975
20180824;6;16900;16620,575
20180824;7;19600;18610,213
20180824;8;21200;20714,713
20180824;9;22100;22045,213
20180824;10;22450;22572,613
20180824;11;22950;22742,238
20180824;12;23150;23164,100
20180824;13;23300;23383,375
20180824;14;23300;23303,275
20180824;15;23000;22733,788
20180824;16;22700;22392,988
20180824;17;22300;21823,875
20180824;18;21850;21453,450
20180824;19;21450;21208,175
20180824;20;22300;21499,475
20180824;21;22600;22086,213
20180824;22;21150;20834,750
20180824;23;19400;19282,413
20180824;24;18100;18003,338
20180825;1;16750;16855,013
20180825;2;16150;16335,063
20180825;3;15700;15897,713
20180825;4;15500;15756,700
20180825;5;15400;15695,338
20180825;6;14950;15302,863
20180825;7;16600;16124,475
20180825;8;17900;17600,850
20180825;9;19100;18809,575
20180825;10;19600;19604,513
20180825;11;20050;19900,213
20180825;12;20100;20063,775
20180825;13;19900;19915,538
20180825;14;19600;19623,413
20180825;15;19000;18950,775
20180825;16;18700;18620,238
20180825;17;18400;18291,675
20180825;18;18200;17992,975
20180825;19;18100;17947,638
20180825;20;18800;18133,638
20180825;21;19300;18831,038
20180825;22;18400;18056,300
20180825;23;17300;16780,600
20180825;24;16100;15693,988
20180826;1;15000;14744,963
20180826;2;14250;14130,488
20180826;3;13900;13781,925
20180826;4;13700;13650,225
20180826;5;13600;13681,850
20180826;6;13050;13236,738
20180826;7;13700;13406,850
20180826;8;14700;14201,900
20180826;9;15700;15313,613
20180826;10;16300;16243,638
20180826;11;16700;16859,488
20180826;12;16950;17011,188
20180826;13;17000;17105,475
20180826;14;16800;17033,563
20180826;15;16600;16683,988
20180826;16;16200;16373,438
20180826;17;15950;16106,213
20180826;18;16050;16109,600
20180826;19;16250;16313,613
20180826;20;17250;16865,888
20180826;21;17750;17771,625
20180826;22;17200;17151,700
20180826;23;16400;16222,863
20180826;24;15300;15185,175
20180827;1;14450;14359,288
20180827;2;14100;14000,725
20180827;3;13850;13793,738
20180827;4;13900;13864,438
20180827;5;14100;14120,450
20180827;6;15300;14570,088
20180827;7;18300;16812,013
20180827;8;20200;19066,138
20180827;9;21200;20395,075
20180827;10;21500;20962,288
20180827;11;22000;20931,425
20180827;12;22250;21296,388
20180827;13;22400;21393,238
20180827;14;22400;21440,175
20180827;15;21900;20980,338
20180827;16;21550;20963,650
20180827;17;21050;20654,525
20180827;18;20750;20389,263
20180827;19;20600;20286,575
20180827;20;21600;20952,788
20180827;21;21900;21797,800
20180827;22;20800;20443,225
20180827;23;19150;18674,638
20180827;24;17700;17430,038
20180828;1;16650;16373,300
20180828;2;16050;15813,488
20180828;3;15700;15542,850
20180828;4;15800;15507,050
20180828;5;16100;15781,663
20180828;6;16300;16028,738
20180828;7;19300;17995,438
20180828;8;21000;20054,413
20180828;9;21700;21103,513
20180828;10;21900;21487,188
20180828;11;22200;21433,200
20180828;12;22400;21764,675
20180828;13;22550;22022,438
20180828;14;22550;21977,913
20180828;15;22100;21517,025
20180828;16;21700;21484,875
20180828;17;21300;21164,950
20180828;18;20900;20939,463
20180828;19;20850;20696,900
20180828;20;22250;21160,900
20180828;21;22450;22019,575
20180828;22;20900;20689,950
20180828;23;19300;19022,975
20180828;24;17800;17728,700
20180829;1;16700;16714,025
20180829;2;16000;16092,900
20180829;3;15800;15792,463
20180829;4;15850;15731,725
20180829;5;16250;15958,538
20180829;6;16400;16316,763
20180829;7;19300;18115,938
20180829;8;21000;20059,650
20180829;9;21800;21192,550
20180829;10;22050;21678,025
20180829;11;22400;21758,813
20180829;12;22550;22064,513
20180829;13;22750;22270,763
20180829;14;22750;22225,588
20180829;15;22450;21905,450
20180829;16;22050;21673,050
20180829;17;21650;21420,988
20180829;18;21250;21080,500
20180829;19;21150;20784,800
20180829;20;22450;21325,175
20180829;21;22650;22230,575
20180829;22;21150;20826,663
20180829;23;19600;18994,450
20180829;24;18100;17784,863
20180830;1;16800;16782,025
20180830;2;16100;16186,200
20180830;3;15900;15749,463
20180830;4;15900;15737,925
20180830;5;16150;15968,938
20180830;6;16500;16204,113
20180830;7;19200;17981,938
20180830;8;21000;20013,500
20180830;9;21800;21167,675
20180830;10;22000;21516,163
20180830;11;22400;21681,188
20180830;12;22550;22134,500
20180830;13;22700;22362,188
20180830;14;22700;22399,500
20180830;15;22400;22061,563
20180830;16;22050;21872,725
20180830;17;21650;21484,213
20180830;18;21200;21206,563
20180830;19;21000;21058,563
20180830;20;22500;21755,225
20180830;21;22600;22421,963
20180830;22;21100;20936,150
20180830;23;19600;19148,063
20180830;24;18100;17874,600
20180831;1;16900;16975,038
20180831;2;16150;16352,950
20180831;3;15800;16015,375
20180831;4;15850;16053,900
20180831;5;16100;16241,100
20180831;6;16450;16603,400
20180831;7;19350;18386,788
20180831;8;20950;20374,800
20180831;9;21700;21431,075
20180831;10;21950;21784,275
20180831;11;22350;21821,700
20180831;12;22400;22178,813
20180831;13;22600;22290,125
20180831;14;22600;22298,025
20180831;15;22050;21750,963
20180831;16;21700;21587,250
20180831;17;21350;21250,063
20180831;18;21050;20831,425
20180831;19;21200;20564,963
20180831;20;22550;21235,363
20180831;21;22500;22007,650
20180831;22;21100;20573,438
20180831;23;19350;18862,138
20180831;24;17900;17647,950
20180901;1;16550;16540,813
20180901;2;15950;15937,075
20180901;3;15550;15598,100
20180901;4;15500;15559,238
20180901;5;15600;15482,413
20180901;6;15350;15285,775
20180901;7;16550;15836,338
20180901;8;17750;17243,950
20180901;9;18850;18454,513
20180901;10;19550;19317,950
20180901;11;19850;19653,225
20180901;12;19950;19819,625
20180901;13;19850;19711,750
20180901;14;19550;19488,688
20180901;15;18950;18852,688
20180901;16;18550;18613,800
20180901;17;18250;18324,175
20180901;18;18050;18118,750
20180901;19;18100;18001,513
20180901;20;19350;18626,050
20180901;21;19250;19216,888
20180901;22;18350;18249,600
20180901;23;17050;16864,200
20180901;24;15850;15760,138
20180902;1;14900;14817,475
20180902;2;14200;14213,050
20180902;3;13900;13866,963
20180902;4;13700;13643,463
20180902;5;13600;13648,350
20180902;6;13400;13396,463
20180902;7;14000;13365,000
20180902;8;14900;14175,863
20180902;9;16000;15337,850
20180902;10;16800;16449,525
20180902;11;17250;17057,613
20180902;12;17350;17221,575
20180902;13;17450;17300,225
20180902;14;17500;17395,700
20180902;15;17200;17048,163
20180902;16;16800;16798,475
20180902;17;16500;16602,338
20180902;18;16600;16682,313
20180902;19;17500;16863,013
20180902;20;19000;17692,675
20180902;21;18900;18443,900
20180902;22;17700;17529,963
20180902;23;16800;16443,250
20180902;24;15600;15424,950
20180903;1;14600;14583,100
20180903;2;14200;14199,975
20180903;3;14150;14006,275
20180903;4;14150;14086,388
20180903;5;14700;14316,263
20180903;6;15800;14987,800
20180903;7;19050;17458,713
20180903;8;20700;20002,600
20180903;9;21300;21113,688
20180903;10;21500;21327,775
20180903;11;21950;21474,438
20180903;12;22200;21976,163
20180903;13;22400;22239,800
20180903;14;22500;22315,750
20180903;15;22100;22057,888
20180903;16;21800;21836,675
20180903;17;21400;21588,588
20180903;18;21100;21180,200
20180903;19;21400;21015,188
20180903;20;22800;21876,063
20180903;21;22800;22453,888
20180903;22;21000;20988,675
20180903;23;19300;19138,625
20180903;24;17800;17875,650
20180904;1;16650;16725,488
20180904;2;16100;16153,138
20180904;3;15800;15774,613
20180904;4;15700;15823,363
20180904;5;16000;16062,400
20180904;6;17000;16557,325
20180904;7;19950;18582,975
20180904;8;21200;20627,488
20180904;9;21850;21535,938
20180904;10;22050;21976,900
20180904;11;22350;22063,125
20180904;12;22450;22458,325
20180904;13;22550;22475,238
20180904;14;22550;22391,225
20180904;15;22050;22061,225
20180904;16;21750;21898,350
20180904;17;21450;21701,313
20180904;18;21250;21454,888
20180904;19;21550;21273,625
20180904;20;22950;22066,300
20180904;21;22650;22640,550
20180904;22;20950;21017,238
20180904;23;19250;19213,388
20180904;24;17700;17781,938
20180905;1;16650;16802,563
20180905;2;16100;16238,213
20180905;3;15800;15910,888
20180905;4;15700;15880,963
20180905;5;16000;16173,213
20180905;6;17000;16684,688
20180905;7;20000;18742,150
20180905;8;21300;20787,013
20180905;9;21850;21541,475
20180905;10;22050;21988,275
20180905;11;22350;21963,125
20180905;12;22450;22218,625
20180905;13;22550;22460,825
20180905;14;22600;22474,725
20180905;15;22100;22068,175
20180905;16;21800;21966,838
20180905;17;21500;21659,750
20180905;18;21300;21412,138
20180905;19;21600;21177,150
20180905;20;23000;21988,163
20180905;21;22700;22701,000
20180905;22;21000;21062,575
20180905;23;19300;19222,013
20180905;24;17750;17799,638
20180906;1;16650;16734,925
20180906;2;16100;16236,038
20180906;3;15800;15948,200
20180906;4;15700;15980,375
20180906;5;16000;16180,875
20180906;6;17000;16678,750
20180906;7;19900;18609,363
20180906;8;21200;20599,625
20180906;9;21750;21510,188
20180906;10;21950;21940,613
20180906;11;22250;21948,450
20180906;12;22300;22231,038
20180906;13;22450;22396,175
20180906;14;22500;22430,475
20180906;15;22100;22190,863
20180906;16;21800;22005,163
20180906;17;21500;21827,100
20180906;18;21300;21435,588
20180906;19;21800;21246,750
20180906;20;23000;22250,625
20180906;21;22700;22733,513
20180906;22;21000;21140,738
20180906;23;19200;19311,125
20180906;24;17750;17850,125
20180907;1;16800;16906,713
20180907;2;16200;16226,438
20180907;3;16100;15810,450
20180907;4;16100;15899,788
20180907;5;16400;16250,975
20180907;6;17000;16797,500
20180907;7;19900;18775,125
20180907;8;21000;20707,163
20180907;9;21800;21622,388
20180907;10;22100;22036,425
20180907;11;22100;22110,888
20180907;12;22300;22477,850
20180907;13;22400;22609,363
20180907;14;22400;22616,900
20180907;15;22100;22271,900
20180907;16;21800;22124,763
20180907;17;21400;21867,863
20180907;18;21100;21443,900
20180907;19;21500;21265,250
20180907;20;23100;22122,000
20180907;21;22600;22577,225
20180907;22;21000;20920,075
20180907;23;19300;19217,900
20180907;24;17900;17948,725
20180908;1;16900;16786,688
20180908;2;16300;16201,425
20180908;3;15900;15755,338
20180908;4;15800;15741,025
20180908;5;15900;15781,500
20180908;6;15700;15828,800
20180908;7;16900;16210,075
20180908;8;18300;17678,738
20180908;9;19400;18768,475
20180908;10;19800;19590,263
20180908;11;20000;19756,550
20180908;12;20100;19994,375
20180908;13;20050;19865,938
20180908;14;19900;19446,088
20180908;15;19150;18861,463
20180908;16;18800;18563,975
20180908;17;18500;18257,050
20180908;18;18200;18142,138
20180908;19;18500;18062,200
20180908;20;19900;18916,675
20180908;21;19700;19373,325
20180908;22;18600;18217,000
20180908;23;17200;17000,613
20180908;24;16000;15890,075
20180909;1;15050;14954,200
20180909;2;14450;14312,875
20180909;3;14100;13955,625
20180909;4;13900;13782,913
20180909;5;13900;13719,513
20180909;6;13900;13595,725
20180909;7;14100;13440,625
20180909;8;15100;14258,350
20180909;9;16450;15230,888
20180909;10;17100;16082,225
20180909;11;17500;16596,963
20180909;12;17600;16738,263
20180909;13;17700;16834,875
20180909;14;17700;16694,650
20180909;15;17300;16466,813
20180909;16;17000;16152,775
20180909;17;16800;15943,425
20180909;18;16900;16019,925
20180909;19;17700;16413,288
20180909;20;19150;17607,075
20180909;21;18900;18225,638
20180909;22;18000;17265,475
20180909;23;17000;16254,913
20180909;24;15800;15293,113
20180910;1;14800;14476,000
20180910;2;14400;14164,150
20180910;3;14300;14064,875
20180910;4;14400;14130,288
20180910;5;14900;14452,475
20180910;6;16200;15365,863
20180910;7;19400;17820,100
20180910;8;21000;20029,088
20180910;9;21800;21137,138
20180910;10;21900;21703,050
20180910;11;22000;21723,125
20180910;12;22100;22125,338
20180910;13;22300;22264,188
20180910;14;22400;22122,488
20180910;15;22000;21835,738
20180910;16;21700;21645,088
20180910;17;21200;21278,113
20180910;18;21050;21089,375
20180910;19;21500;20965,100
20180910;20;23000;22285,738
20180910;21;22400;22529,938
20180910;22;20700;20875,138
20180910;23;18900;18997,075
20180910;24;17500;17749,200
20180911;1;16900;16769,438
20180911;2;16300;16304,863
20180911;3;16000;15966,300
20180911;4;16000;15871,338
20180911;5;16400;16208,038
20180911;6;16900;16806,413
20180911;7;20000;18766,763
20180911;8;21100;20800,913
20180911;9;21900;21715,175
20180911;10;22100;21946,550
20180911;11;22200;21886,250
20180911;12;22400;22202,313
20180911;13;22600;22361,125
20180911;14;22600;22320,900
20180911;15;22200;21999,200
20180911;16;22100;21739,438
20180911;17;21800;21472,513
20180911;18;21500;21229,150
20180911;19;21400;21132,238
20180911;20;23100;22412,388
20180911;21;22900;22670,075
20180911;22;21100;20956,888
20180911;23;19400;19005,375
20180911;24;17900;17679,075
20180912;1;16800;16612,663
20180912;2;16200;16111,675
20180912;3;16000;15867,450
20180912;4;16000;15836,263
20180912;5;16500;16082,450
20180912;6;17100;16741,813
20180912;7;20100;18641,675
20180912;8;21300;20664,000
20180912;9;22000;21722,613
20180912;10;22200;22125,763
20180912;11;22400;22045,775
20180912;12;22500;22590,175
20180912;13;22700;22768,050
20180912;14;22700;22685,013
20180912;15;22300;22469,825
20180912;16;22100;22341,063
20180912;17;21900;21987,525
20180912;18;21500;21707,338
20180912;19;21700;21509,000
20180912;20;23200;22756,463
20180912;21;22900;22922,938
20180912;22;21200;21209,888
20180912;23;19400;19263,125
20180912;24;17900;18042,788
20180913;1;16900;17034,763
20180913;2;16200;16419,413
20180913;3;16000;16176,025
20180913;4;16100;16110,425
20180913;5;16500;16349,488
20180913;6;17100;16844,150
20180913;7;20100;18822,200
20180913;8;21350;20801,913
20180913;9;21900;21757,950
20180913;10;22100;22065,550
20180913;11;22300;21973,563
20180913;12;22400;22306,725
20180913;13;22600;22433,813
20180913;14;22600;22434,188
20180913;15;22200;22166,925
20180913;16;22000;22003,500
20180913;17;21700;21723,275
20180913;18;21400;21398,963
20180913;19;21700;21366,950
20180913;20;23100;22694,700
20180913;21;22800;22695,450
20180913;22;21100;21076,450
20180913;23;19300;19291,825
20180913;24;17800;17880,913
20180914;1;16700;16817,938
20180914;2;16100;16340,138
20180914;3;15800;16011,425
20180914;4;16000;16055,463
20180914;5;16400;16224,075
20180914;6;17000;16835,225
20180914;7;19900;19000,225
20180914;8;21200;21009,025
20180914;9;21800;22031,463
20180914;10;22000;22218,300
20180914;11;22200;22129,638
20180914;12;22300;22411,963
20180914;13;22450;22460,175
20180914;14;22450;22471,438
20180914;15;21950;22057,738
20180914;16;21750;21954,575
20180914;17;21450;21558,013
20180914;18;21200;21434,963
20180914;19;21550;21551,463
20180914;20;22900;22503,513
20180914;21;22600;22357,363
20180914;22;20900;20793,325
20180914;23;19100;18958,550
20180914;24;17650;17649,225
20180915;1;16700;16673,450
20180915;2;16000;16034,275
20180915;3;15600;15610,988
20180915;4;15600;15538,325
20180915;5;15600;15477,550
20180915;6;15600;15582,113
20180915;7;16800;16103,550
20180915;8;18200;17563,963
20180915;9;19400;18971,400
20180915;10;19900;19656,075
20180915;11;19900;19892,150
20180915;12;20000;20017,838
20180915;13;20000;19878,363
20180915;14;19500;19486,538
20180915;15;19000;18670,338
20180915;16;18700;18235,200
20180915;17;18400;17984,550
20180915;18;18100;17861,275
20180915;19;19000;17976,238
20180915;20;19800;19257,763
20180915;21;19400;19307,200
20180915;22;18000;18163,200
20180915;23;16900;16890,838
20180915;24;15700;15711,863
20180916;1;14900;14762,375
20180916;2;14200;14231,313
20180916;3;13900;13845,688
20180916;4;13800;13607,813
20180916;5;13850;13588,975
20180916;6;13750;13530,913
20180916;7;13900;13369,150
20180916;8;14900;14219,550
20180916;9;15850;15228,138
20180916;10;16600;16020,275
20180916;11;16900;16498,613
20180916;12;16950;16616,600
20180916;13;16950;16731,213
20180916;14;16950;16633,863
20180916;15;16550;16246,788
20180916;16;16250;15981,063
20180916;17;16150;15735,538
20180916;18;16550;15836,238
20180916;19;17650;16362,975
20180916;20;18850;18053,975
20180916;21;18450;18169,550
20180916;22;17500;17165,938
20180916;23;16450;16150,863
20180916;24;15400;15099,488
20180917;1;14650;14388,875
20180917;2;14250;14044,088
20180917;3;14200;13891,300
20180917;4;14350;13866,475
20180917;5;15000;14280,238
20180917;6;16500;15353,675
20180917;7;19500;17907,150
20180917;8;21100;20164,463
20180917;9;21900;21268,825
20180917;10;22000;21631,138
20180917;11;22200;21465,938
20180917;12;22300;21929,850
20180917;13;22450;22039,713
20180917;14;22450;21940,800
20180917;15;22000;21737,813
20180917;16;21750;21699,850
20180917;17;21300;21473,050
20180917;18;21200;21182,388
20180917;19;22200;21320,988
20180917;20;23100;22961,163
20180917;21;22600;22642,200
20180917;22;21000;20926,325
20180917;23;19200;19008,463
20180917;24;17800;17647,038
20180918;1;16750;16698,763
20180918;2;16200;16038,413
20180918;3;16000;15766,388
20180918;4;16000;15793,700
20180918;5;16450;16178,825
20180918;6;17400;16821,750
20180918;7;20100;18897,800
20180918;8;21500;20823,975
20180918;9;22200;21872,063
20180918;10;22300;22046,613
20180918;11;22400;22043,063
20180918;12;22600;22396,738
20180918;13;22650;22492,413
20180918;14;22750;22515,625
20180918;15;22300;22185,038
20180918;16;22000;22233,338
20180918;17;21800;21914,000
20180918;18;21600;21528,925
20180918;19;22600;21520,063
20180918;20;23600;23086,688
20180918;21;23000;22869,838
20180918;22;21300;21113,413
20180918;23;19500;19198,938
20180918;24;18000;17782,825
20180919;1;16750;16786,938
20180919;2;16150;16250,038
20180919;3;15900;15977,413
20180919;4;16000;15972,363
20180919;5;16450;16293,550
20180919;6;17400;16940,938
20180919;7;20200;18953,100
20180919;8;21600;20853,700
20180919;9;22300;21865,488
20180919;10;22400;22200,325
20180919;11;22500;22326,425
20180919;12;22800;22694,038
20180919;13;22800;22734,288
20180919;14;22900;22754,625
20180919;15;22600;22459,750
20180919;16;22400;22299,088
20180919;17;21950;22111,450
20180919;18;21550;21798,925
20180919;19;22400;21791,200
20180919;20;23600;23383,513
20180919;21;23000;23034,413
20180919;22;21300;21329,488
20180919;23;19400;19365,575
20180919;24;17900;18014,450
20180920;1;16900;16946,000
20180920;2;16350;16365,275
20180920;3;16100;16058,813
20180920;4;16300;15972,913
20180920;5;16600;16233,938
20180920;6;17600;16973,913
20180920;7;20300;19047,138
20180920;8;21750;21012,300
20180920;9;22300;21896,725
20180920;10;22300;22398,513
20180920;11;22600;22425,363
20180920;12;22900;22870,525
20180920;13;23000;23007,425
20180920;14;23000;22990,925
20180920;15;22550;22667,475
20180920;16;22350;22532,613
20180920;17;22000;22176,975
20180920;18;21700;21855,188
20180920;19;22700;21919,200
20180920;20;23600;23447,975
20180920;21;23000;23070,763
20180920;22;21400;21311,513
20180920;23;19600;19336,613
20180920;24;18100;17917,775
20180921;1;17000;16930,150
20180921;2;16450;16370,113
20180921;3;16150;16089,725
20180921;4;16250;16060,988
20180921;5;16600;16375,038
20180921;6;17600;17022,688
20180921;7;20300;19010,463
20180921;8;21750;20947,225
20180921;9;22400;21824,313
20180921;10;22450;22274,700
20180921;11;22800;22184,713
20180921;12;23050;22542,750
20180921;13;23200;22663,575
20180921;14;23200;22716,600
20180921;15;22750;22355,713
20180921;16;22650;22144,475
20180921;17;22350;21834,275
20180921;18;21950;21532,688
20180921;19;22800;21579,200
20180921;20;23800;22962,488
20180921;21;23300;22404,188
20180921;22;21600;20704,325
20180921;23;19700;19050,088
20180921;24;18200;17813,150
20180922;1;16900;16776,075
20180922;2;16300;16122,788
20180922;3;15800;15584,138
20180922;4;15800;15403,813
20180922;5;15800;15511,213
20180922;6;15900;15558,650
20180922;7;17000;16153,838
20180922;8;18550;17325,200
20180922;9;19700;18715,363
20180922;10;20100;19432,313
20180922;11;20200;19719,875
20180922;12;20300;19800,500
20180922;13;20200;19716,338
20180922;14;19800;19299,613
20180922;15;18900;18647,150
20180922;16;18600;18352,150
20180922;17;18400;18127,500
20180922;18;18400;18081,988
20180922;19;19550;18433,075
20180922;20;20000;19624,025
20180922;21;19600;19225,738
20180922;22;18500;18160,400
20180922;23;17200;16986,425
20180922;24;16000;15771,288
20180923;1;15100;14827,888
20180923;2;14300;14124,988
20180923;3;13950;13810,113
20180923;4;13800;13491,375
20180923;5;13750;13604,863
20180923;6;13750;13526,800
20180923;7;14000;13463,025
20180923;8;14950;14044,000
20180923;9;16100;15135,288
20180923;10;16800;16060,625
20180923;11;17050;16523,888
20180923;12;17250;16708,813
20180923;13;17250;16771,863
20180923;14;17250;16806,150
20180923;15;16800;16337,925
20180923;16;16500;16051,513
20180923;17;16400;15958,313
20180923;18;16850;16247,838
20180923;19;18250;17062,388
20180923;20;18950;18373,388
20180923;21;18600;17995,300
20180923;22;17550;17012,888
20180923;23;16600;16085,138
20180923;24;15500;15078,700
20180924;1;14750;14473,638
20180924;2;14350;14106,438
20180924;3;14150;13937,638
20180924;4;14400;13897,900
20180924;5;14950;14099,088
20180924;6;16650;15100,663
20180924;7;19650;17696,038
20180924;8;21200;19810,250
20180924;9;21900;21094,325
20180924;10;22000;21460,788
20180924;11;22000;21416,363
20180924;12;22200;21651,838
20180924;13;22200;21741,488
20180924;14;22300;21736,225
20180924;15;21850;21308,350
20180924;16;21550;21098,263
20180924;17;21100;20856,775
20180924;18;21150;20795,063
20180924;19;22700;21264,250
20180924;20;23350;22617,213
20180924;21;22750;22237,688
20180924;22;20950;20607,238
20180924;23;19300;18833,388
20180924;24;17900;17347,513
20180925;1;16900;16403,775
20180925;2;16300;15822,863
20180925;3;16000;15565,525
20180925;4;16100;15619,350
20180925;5;16500;15924,588
20180925;6;17700;16704,675
20180925;7;20300;18987,863
20180925;8;21600;20876,438
20180925;9;22100;21888,125
20180925;10;22200;22110,350
20180925;11;22100;21786,450
20180925;12;22200;22027,575
20180925;13;22300;22085,125
20180925;14;22300;21955,263
20180925;15;21900;21602,013
20180925;16;21700;21497,225
20180925;17;21300;21291,675
20180925;18;21300;21118,075
20180925;19;23200;21568,213
20180925;20;23600;23155,550
20180925;21;23000;22619,663
20180925;22;21200;20894,813
20180925;23;19700;19058,313
20180925;24;18200;17658,938
20180926;1;16700;16649,150
20180926;2;16000;16011,300
20180926;3;15750;15735,925
20180926;4;15950;15688,063
20180926;5;16450;15956,938
20180926;6;17850;16730,350
20180926;7;20450;19049,238
20180926;8;21650;20867,663
20180926;9;22250;21871,375
20180926;10;22350;21916,563
20180926;11;22300;21695,963
20180926;12;22500;21925,838
20180926;13;22550;21877,975
20180926;14;22500;21680,888
20180926;15;22150;21392,988
20180926;16;21850;21286,688
20180926;17;21450;21187,925
20180926;18;21350;21047,225
20180926;19;23050;21706,263
20180926;20;23450;22982,500
20180926;21;22800;22469,000
20180926;22;21100;20761,925
20180926;23;19500;18959,163
20180926;24;18000;17699,413
20180927;1;16900;16719,650
20180927;2;16300;16188,175
20180927;3;16000;15797,938
20180927;4;16200;15762,613
20180927;5;16600;16129,363
20180927;6;17800;16932,850
20180927;7;20500;19163,175
20180927;8;21700;20970,213
20180927;9;22300;22014,925
20180927;10;22300;22383,113
20180927;11;22300;22117,100
20180927;12;22500;22525,675
20180927;13;22550;22411,213
20180927;14;22500;22407,688
20180927;15;22100;22002,888
20180927;16;21750;21868,538
20180927;17;21400;21562,325
20180927;18;21350;21520,775
20180927;19;23300;21980,925
20180927;20;23700;23279,063
20180927;21;23000;22760,763
20180927;22;21300;21012,813
20180927;23;19700;19354,063
20180927;24;18200;17909,950
20180928;1;17000;16806,163
20180928;2;16400;16331,888
20180928;3;16000;16047,888
20180928;4;16200;15959,838
20180928;5;16650;16245,863
20180928;6;17900;17136,138
20180928;7;20500;19272,113
20180928;8;21700;21057,913
20180928;9;22300;21923,475
20180928;10;22350;22003,738
20180928;11;22350;21738,413
20180928;12;22450;21969,500
20180928;13;22550;22023,613
20180928;14;22550;21851,038
20180928;15;22050;21621,125
20180928;16;21750;21617,288
20180928;17;21450;21483,088
20180928;18;21350;21324,388
20180928;19;23350;21772,300
20180928;20;23650;23078,575
20180928;21;22900;22373,538
20180928;22;21200;20867,025
20180928;23;19500;19245,450
20180928;24;18100;17996,625
20180929;1;17050;16898,975
20180929;2;16350;16224,250
20180929;3;15900;15795,813
20180929;4;15800;15629,900
20180929;5;15800;15717,613
20180929;6;16000;15838,763
20180929;7;17100;16707,388
20180929;8;18450;17879,250
20180929;9;19600;19315,063
20180929;10;20050;19996,675
20180929;11;20250;19998,400
20180929;12;20200;20071,063
20180929;13;20150;19747,575
20180929;14;19900;19482,200
20180929;15;19100;18802,513
20180929;16;18700;18521,163
20180929;17;18400;18359,463
20180929;18;18500;18399,163
20180929;19;20350;19004,425
20180929;20;20400;20249,438
20180929;21;19800;19686,238
20180929;22;18500;18529,000
20180929;23;17400;17296,938
20180929;24;16200;16199,013
20180930;1;15050;15148,825
20180930;2;14400;14469,538
20180930;3;14000;14077,088
20180930;4;13800;13909,513
20180930;5;13800;13986,088
20180930;6;13850;14055,938
20180930;7;14150;14091,225
20180930;8;15100;14860,175
20180930;9;16200;15925,913
20180930;10;16900;16686,050
20180930;11;17300;17124,163
20180930;12;17500;17263,200
20180930;13;17400;17167,588
20180930;14;17500;17087,613
20180930;15;17000;16661,775
20180930;16;16600;16307,913
20180930;17;16500;16324,313
20180930;18;17100;16618,613
20180930;19;18900;17688,238
20180930;20;19200;19240,513
20180930;21;18700;18824,463
20180930;22;17600;17629,463
20180930;23;16600;16712,538
20180930;24;15450;15908,325
